MID,Merchant_Name,CONTACT_new,Address,City,Area,addres2,additional location,Telp,Company,Head_Office,status
99933100,GRAGE HORIZON HOTEL,DRS H BUDIMAN KUSIKA,Jl. PANTAI NALA NO.142,Bengkulu,Batam,,,(62-542) 761616,,, 
99923900,TOKO NADIA,ISLAMIAH AFDAL,Jl. KZ ABIDIN No.24,Bengkulu,Batam,,,(62-542) 741162,,, 
99153500,PT PAPUA DIVING,MAXIMILIAN J AMER,GUNUNG GAMALAMA,SORONG,MAKASSAR,,,(62-542) 412988/89,PT Citra Nusa Insan Cemerlang,Jakarta, 
99138300,Nokia Cellular,RENDY ANGGA PANORAMA,Jl. A. Yani Sorong,SORONG,MAKASSAR,,,(62-542) 734696,Pt Karyamitra Budisentosa,Surabaya, 
99137500,Rumah Makan Ratu Sayang,SAAM SOLEMAN ORO,Jl. Yos Sudarso 31 Sorong,SORONG,MAKASSAR,,,(62-542) 422677,,, 
99129102,Mall Saga( Depstore ),HARRY PIRONO,Jl. Raya Abepura 10,Jayapura,MAKASSAR,,,(62-542) 876777,,, 
99128300,Supermarket Multi Grosir,SOETEDJO P,Abe Pantai 81,Jayapura,MAKASSAR,,,(62-542) 877307,,, 
99117100,Supermarket  Mega,SOETEDJO PIRONO,Jl. Raya Abepura 10,Jayapura,MAKASSAR,,,(62-542) 876877,,, 
94360300,Bruno Piatelli,JOHAN IRAWAN,Jl. Jend. Gatot Subroto Jambi,Jambi,Batam,,,(62-542) 423448,,, 
94358700,Jambi Prima Mall,ANDREAS HUATTANTO,Jl. Jend Sudirman Jambi,Jambi,Batam,,,(62-542) 744460,,, 
94334500,Matahari Dept Store Jambi,ERWIN ILHAM SYARIEF,Jl. Jend. Gatot Subroto Jambi,Jambi,Batam,,,(62-542) 424009,,, 
94334500,Matahari Dept Store Jambi,ERWIN ILHAM SYARIEF,Jl. Jend. Gatot Subroto Jambi,Jambi,Batam,,,(62-542) 411885,,, 
93316300,TOKO CITRA BUSANA,RESTU YONO M,Jl. SUPRAPTO NO.120,Bengkulu,Batam,,,(62-542) 763935,,, 
93304300,PT.SWADAYA CIPTA INDAH,SOEJOKO,Jl. LETJEN SUPARMAN 178,Bengkulu,Batam,,,(62-542) 761278,,, 
93301900,TOKO KATULISTIWA,ANWAR,"Jl. KZ ABIDIN No,",Bengkulu,Batam,,,(62-542) 878069,,, 
80477900,WIWARO BABY SHOP,SYAMSUL WANTORO,VETERAN SELATAN,MAKASSAR,MAKASSAR,,,(62-542) 413394,,, 
80472900,BOSSINI,TEDDY MULIADY SOENONG,MARI MALL,MAKASSAR,MAKASSAR,,,(62-542) 422951,,, 
80463700,"INC""S",CACOK RICKY HAMZAH,MALL RATU INDAH,MAKASSAR,MAKASSAR,,,(62-542) 732142,,, 
80459500,RM DINAR,EDWARD WIJAYA HORAS,JL G LATIMOJONG,MAKASSAR,MAKASSAR,,,(62-542) 765108,PT Mitra Adi Perkasa,Jakarta, 
80447900,ARIEL COMPUTER,FRIEDA MAGDALENA,JL G LATIMOJONG,MAKASSAR,MAKASSAR,,,(62-542) 440956,PT Mitra Adi Perkasa,Jakarta, 
80443700,TK MUJUR JAYA,DAVID CHANDRA,JL SOMBAOPU,MAKASSAR,MAKASSAR,,,(62-542) 424817,PT Mitra Adi Perkasa,Jakarta, 
80437902,EVERBEST,FONNY,MALL PANAKUKANG,MAKASSAR,MAKASSAR,,,(62-542) 737488,,, 
80436100,JULIA JEWELLRY,MELINDA,MALL RATU INDAH,MAKASSAR,MAKASSAR,,,(62-542) 731934,,, 
80435300,METANOIA,ANDREW NUGRAHA,S.SADDANG,MAKASSAR,MAKASSAR,,,(62-542) 424717,,, 
80430300,RS.GRESTELINA,MARGARETHA JESSIATI W,HERTASNING RAYA,MAKASSAR,MAKASSAR,,,(62-561) 743943,,, 
80429500,CENTRO POOL & CAFÉ,ROBBY,JL.VETERAN NO242,MAKASSAR,MAKASSAR,,,,,, 
80424500,SEIKO,CHANDRA ALIM,MALL PANAKUKANG,MAKASSAR,MAKASSAR,,,,,, 
80423700,MEGA RICH COMPUTER,RONNY WIJAYA,JL ABD DG SIRUA,MAKASSAR,MAKASSAR,,,,,, 
80421100,DREAM LAND,FANNY,JL RANGGONG,MAKASSAR,MAKASSAR,,,,,, 
80420300,HAPPY PUPPY,SANTOSO SETYADJI,JL A P PETTARANI,MAKASSAR,MAKASSAR,,,,,, 
80417900,UD.KOTA BARU,TERRY TETRAWAN,PENGAYOMAN,MAKASSAR,MAKASSAR,,,,,, 
80416100,PESONA TIRTA,TJIANG MEI LAI,JL.DG.TOMPO,MAKASSAR,MAKASSAR,,,,,, 
80415300,RM.MAXIM,TJONDRO TJANDRA,JL.SULAWESI,MAKASSAR,MAKASSAR,,,,,, 
80397900,PT.CITRA YASMIN HOTEL,POCELLA MOEKONO K,JL.JAMPEA,MAKASSAR,MAKASSAR,,,,,, 
80394500,CV.MAKASSAR TOUR,JOHANNES LOLO,JLKARUNGRUNG,MAKASSAR,MAKASSAR,,,,,, 
80392900,CV.LASER COMPOTINDO,SINSINAR WINARTO,JL.MASJID RAYA,MAKASSAR,MAKASSAR,,,,,, 
80390300,LOGAM MULIA,SUGENG JAWOTENG,JL SOMBAOPU,MAKASSAR,MAKASSAR,,,,,, 
80389500,EDWARD FORER,VERISON,BONTO LEMPANGANG,MAKASSAR,MAKASSAR,,,(62-541) 748339,PT Citra Nusa Insan Cemerlang,Jakarta, 
80361000,GRAMEDIA,HINDRY GUNAWAN,MALL PANAKUKANG,MAKASSAR,MAKASSAR,,,,,, 
80360204,FUJI IMAGE PLASA,SUMARDI,MALL PANAKUKANG,MAKASSAR,MAKASSAR,,,,PT Mitra Adi Perkasa,Jakarta, 
80360203,FUJI PLASA,M.ARIEF,JL.RATULANGI NO.17,MAKASSAR,MAKASSAR,,,,,, 
80343300,ECOMODA,ROBERT OCTAVIANUS,JL G LATIMOJONG,MAKASSAR,MAKASSAR,,,,PT Lion Mentari,Jakarta, 
80330900,PT CNI,WARAS SANTOSA,A PETTARANI,MAKASSAR,MAKASSAR,,,,PT Wings Abadi Airlines,Jakarta, 
80322500,ELCO,HALIM HOMERIC,G MERAPI,MAKASSAR,MAKASSAR,,,0531-21109,,, 
80321700,HANS,HANS LIONARDY,JL.G.LATIMOJONG,MAKASSAR,MAKASSAR,,,,,, 
80320900,TOP IN,SUNARTO WIJAYA,JL G LATIMOJONG,MAKASSAR,MAKASSAR,,,,,, 
80318300,ANEKA TEXTIL,AKMAL MALIK OEI,JL G LATIMOJONG,MAKASSAR,MAKASSAR,,,,,, 
80317500,TOKO NAFIRI,TAN KHO SING,JL SUNGAI PAREMAN,MAKASSAR,MAKASSAR,,,,,, 
80316700,FAIRLADY,COANDY GUNAWAN,JL.PASAR IKAN,MAKASSAR,MAKASSAR,,,,,, 
80315900,M CLUB,JOHANES MAHODIM,JL TOPAZ RAYA,MAKASSAR,MAKASSAR,,,0548-21516,,, 
80309102,CELEBES HOTEL HASANUDDIN,IBRAHIM EDENTON,JL SULTAN HASANUDDIN,MAKASSAR,MAKASSAR,,,0511-3255966,,, 
80309100,HOTEL CELEBES,IBRAHIM EDENTON,JL.G.LATIMOJONG,MAKASSAR,MAKASSAR,,,,,, 
80277902,MOMPARI,SUDJIANTO SUTANTO,HL. PASAR IKAN,MAKASSAR,MAKASSAR,,,,,, 
80274300,GENIUS COMPUTER,MAXSI TOTOK,JL.S.SADDANG,MAKASSAR,MAKASSAR,,,,,, 
80267501,TIME INTERNASIONAL,BENNY ADIYANTO/JENLY SELI,MARI MALL,MAKASSAR,MAKASSAR,,,,PT Citra Nusa Insan Cemerlang,Jakarta, 
80267500,INTERNASIONAL ARLOJI,BENNY A,JL USMAN JAFAR 2 F,MAKASSAR,MAKASSAR,,,,,, 
80234019,ADIDAS,JANE N,MALL PANAKUKANG,MAKASSAR,MAKASSAR,,,,,, 
80234014,KIDZ STATION,RETNO,MALL PANAKUKANG,MAKASSAR,MAKASSAR,,,,,, 
80234012,SPORT STATION,JANE N,MALL PAN AKUKANG HALL,MAKASSAR,MAKASSAR,,,,,, 
80226301,TOKO MILLENIUM,ALEX SUTJIANTO,JL KARUNRUNG NO 20,MAKASSAR,MAKASSAR,,,,SURYANTO,, 
80213500,IMPRESIONS BODY CARE,RONI I HENDRAWAN,JL S SADDANG,MAKASSAR,MAKASSAR,,,022-5404291,,, 
80105603,GRAMEDIA,,MALL PANAKUKANG,MAKASSAR,MAKASSAR,,,022-2503035,,, 
79145700,travisata,MEIDY OLGA ANGDI,Jl. Diponegoro no.1a,MANADO,MAKASSAR,,,022-4208040,,, 
79144900,Impressions Body Care,FREDDY SUTEDY,MTC,MANADO,MAKASSAR,,,022-7301110,,, 
79135700,RM Ria Rio,KAREL ERENST.N,Kalasey,MANADO,MAKASSAR,,,022-7323645,,, 
79122300,Rudy Walakandou,RUDDY WALAKANDOUW,Megamall,MANADO,MAKASSAR,,,022-4201010,,, 
79120700,Toko Emas Logam Mulia,LENNY MAMARIMBING,JL Walanda Maramis,MANADO,MAKASSAR,,,022-4239418,,, 
79101500,Julia Jewelry,DIDY HARTONO,Megamall,MANADO,MAKASSAR,,,022-7304687,,, 
79099900,Café OhLala,ROBBY KANDOU,Megamall,MANADO,MAKASSAR,,,022-7231346,,, 
79086500,FIP,ALEX W,Jl. MT Haryono no.19,MANADO,MAKASSAR,,,022-2031094,,, 
79085700,UD Maesa,TREISJE LALUJAN,BW Lapian no.27,MANADO,MAKASSAR,,,022-4205100,,, 
79084900,Pin Gallery,RATNA D WALILIONG,Megamas,MANADO,MAKASSAR,,,022-4205100,,, 
79083100,Monpari Manado,TJIU YENIWATI,Ruko Megamas,MANADO,MAKASSAR,,,022-4205100,,, 
79082300,RM City Extra,WELLEM INKIRIWANG,Kalasey I,MANADO,MAKASSAR,,,022-9101372,,, 
79081500,Queen Mitra Bersatu,JUSTINUS TANDAYU,Jl. Martadinata no.67,MANADO,MAKASSAR,,,022-2033413,,, 
79076500,Steiner Salon&Spa,HANNY SEMBUNG,Jl. Tikala Ares no.11,MANADO,MAKASSAR,,,022-7102488,,, 
79056304,OPS Manado,JEMMY WANTONO,Bandara Samratulangi,MANADO,MAKASSAR,,,022-6126437,,, 
79039104,Sport station,RIKKY,Megamall,MANADO,MAKASSAR,,,022-4219292,,, 
79003000,Hill Top - Kwong Bing Rest.,IR. AGUSTINE MT,Kel. Tanjung Batu,MANADO,MAKASSAR,,,022-6128777,,, 
78043100,PT. ANGKASA BUANA TRAVEL,INDRA SAFERIUS,Jl. Monginsidi,PALU,MAKASSAR,,,022-6128777,,, 
78041500,GRAND HERO,HERLINA CHANDRA,Jl. Basuki Rahmat,PALU,MAKASSAR,,,022-6128777,,, 
78040700,PT. PALU MITRA UTAMA,MEILIL THERESIA,Jl. Monginsidi,PALU,MAKASSAR,,,022-6128777,,, 
78035500,BUMI NYIUR MINI MARKET,ALEX IRAWAN,Jl. S. Parman,PALU,MAKASSAR,,,022-6128777,,, 
78035500,MASTER NEW ICE,ALEX IRAWAN,,PAKU,MAKASSAR,,,022-6128777,,, 
78009800,PALU GOLDEN HOTEL,PETER GOZAL,Jl. Raden Saleh,PALU,MAKASSAR,,,022-6128777,,, 
78001500,TOSERBA SENTOSA,SANTOSO SOEMARTO,Jl. Monginsidi,PALU,MAKASSAR,,,022-6128777,,, 
77790500,SWALAYAN ADE,CHADIDJAH AKHMAD,Jl. MT. Haryono No. 52 A-B,KENDARI,MAKASSAR,,,022-6128777,,, 
74327500,Toko Mega Ban,KAMARUDIN,Jl. Jend. Sudirman 150,Sampit,BALIKPAPAN,,,022-6128777,,, 
74325900,Berkat Mitra,BAMBANG SISWANTO,Jl. DI Panjaitan NO 27,Sampit,BALIKPAPAN,,,022-6128777,,, 
74323300,Kusuka Swalayan,KHANIS BUDI KURNIAWAN,Jl.Sutoyo Sampit,Sampit,BALIKPAPAN,,,022-6128777,,, 
74322500,PT Kaha Safira,BP H SUWARNO,Jl.Usman Harun Sampit,Sampit,BALIKPAPAN,,,022-6128777,,, 
74318300,Plaza Sampit,PAULUS INDRA M,Jl.MT.Haryono,Sampit,BALIKPAPAN,,,022-6128777,,, 
74302900,Rejeki Swalayan,EDDY HERMANTO,Jl. A.Yani Sampit,Sampit,BALIKPAPAN,,,022-6128777,,, 
62147900,Istana Mobil Trio Motor,ADIGUNA WIJAYA,"Jl. Jl. A. Yani Km.7,3",Banjarmasin,BALIKPAPAN,,,022-6128777,,, 
62146100,Karunia Supermarket,DARWIN TEGUH,Jl. A. Yani Km.1 No.86,Banjarmasin,BALIKPAPAN,,,022-6128777,,, 
62133700,PT. Mitra Cakrawala Indoban,WIRANATA HALIM,"Jl. A. Yani Km, 8 No. 38",Banjarmasin,BALIKPAPAN,,,022-6128777,,, 
62121100,Fuji Image Plaza,M.FADLI,Jl. Jend. A. Yani Km. 4 No.10-11,Banjarmasin,BALIKPAPAN,,,022-6128777,,, 
62120300,SALON DAY SPA MARTHA TILLAR,DJUNAIDI LEMBONG,Jl.Pramuka Komp.Mitra Mas,Banjarmasin,BALIKPAPAN,,,022-6128777,,, 
62118700,TOKO SUN CHLORELLA,GUNAIDI,Jl.Veteran No.19 RT.21,Banjarmasin,BALIKPAPAN,,,022-6128777,,, 
62117900,RS.SARI MULIA,AIZAR SOEDARTO,Jl.P.Antasari No.139,Banjarmasin,BALIKPAPAN,,,022-6128777,,, 
62115300,PT.CNI,IMAM SUKENDRO,Jl.Anang Adensi No.14,Banjarmasin,BALIKPAPAN,,,022-6128777,,, 
62095900,SPORT STATION,ROSMEINI,Jl.MT.Haryono  No.17,Banjarmasin,BALIKPAPAN,,,022-6128777,,, 
60344900,MILENIA COMPUTINDO,WILYAN CANDRA,KOMP. BALIKPAPAN PERMAI,BALIKPAPAN,BALIKPAPAN,,,022-6128777,,, 
60341500,SURYATAMA,WU MARTIEN BRATAMI,JL A YANI,BALIKPAPAN,BALIKPAPAN,,,022-6128777,,, 
60339900,SANDJAYA HANDPHONE,SACING DARMALAM,KOMP. BALIKPAPAN PERMAI,BALIKPAPAN,BALIKPAPAN,,,022-6128777,,, 
60336500,BM SPORT,RUDY MUWANTO,JL MT HARYONO,BALIKPAPAN,BALIKPAPAN,,,022-6128777,,, 
60326500, KERATON'S FURNITURE,ARY DJATIKUSUMA, JL. MT HARYONO,BALIKPAPAN,BALIKPAPAN,,,022-6128777,,, 
60318100,PRO BABY,KWANG CENNI,JL. A. YANI,BALIKPAPAN,BALIKPAPAN,,,022-6128777,,, 
60310700,PRIMA BEAUTY CENTER,SITI FAUZIAH,RUKO MAL FANTASI,BALIKPAPAN,BALIKPAPAN,,,022-6128777,,, 
60275702,TOKO ADIDAS,RYAN EKO S,Plaza Balikpapan,BALIKPAPAN,BALIKPAPAN,,,022-6128777,,, 
60260700, PLAZA TEKSTIL,H IMTIYAZ ALI MM, JL. PANDAN SARI,BALIKPAPAN,BALIKPAPAN,,,022-6128777,,, 
60259900, KIDS PARTY,TAN MELIANA SANTOSO, MAL FANTASI,BALIKPAPAN,BALIKPAPAN,,,022-6128777,,, 
60253100, LONDON BEAUTY CLINIC,ANTON YUWONO, RUKO MAL FANTASI,BALIKPAPAN,BALIKPAPAN,,,022-6128777,,, 
60248100, GOSH,WEDIAHWATI, PLAZA BALIKPAPAN,BALIKPAPAN,BALIKPAPAN,,,022-6128777,,, 
60246500, RODA LINK,SUWITO LAWINATA,JL. A. YANI,BALIKPAPAN,BALIKPAPAN,,,022-6128777,,, 
60237300, CNI,ADI ARDIANSYAH,JL. JEND SUDIRMAN,BALIKPAPAN,BALIKPAPAN,,,022-6128777,,, 
60224909, POLO,JEMMY WANTONO, BANDARA SEPINGGAN,BALIKPAPAN,BALIKPAPAN,,,022-6128777,,, 
60224905, POLO,JEMMY WANTONO, BANDARA SEPINGGAN,BALIKPAPAN,BALIKPAPAN,,,022-6128777,,, 
60224900, POLO,JEMMY MANTONO, PLAZA BALIKPAPAN,BALIKPAPAN,BALIKPAPAN,,,022-6128777,,, 
60200900, BLUE SAFIR,RIYAD A, KEBUN SAYUR SHOPPING,BALIKPAPAN,BALIKPAPAN,,,022-6128777,,, 
60185300, RESTAURANT SHANGHAI,NANTIA SUNARY,JL. JEND SUDIRMAN,BALIKPAPAN,BALIKPAPAN,,,022-6128777,,, 
60155500, MONPARI,SUDJIANTO SUTANTO, PLAZA BALIKPAPAN,BALIKPAPAN,BALIKPAPAN,,,022-6128777,,, 
60142706, SPORT STATION ( BP ),ROSMEINI, MAL BP,BALIKPAPAN,BALIKPAPAN,,,022-6128777,,, 
60142702, SPORT STATION,MINI, PLAZA BALIKPAPAN,BALIKPAPAN,BALIKPAPAN,,,022-7318876,,, 
60142701, SEPINGGAN CC GOLF HOUSE,ROSMEINI, PADANG GOLF SEPINGGAN,BALIKPAPAN,BALIKPAPAN,,,022-6041450,,, 
60072600, HARISON,HIDAYAT SUWANDY, TERMINAL KLANDASAN,BALIKPAPAN,BALIKPAPAN,,,022-4234317,,, 
53142500,HAPPY BOUTIQUE,RAYMIND KING VALENTINO WI,MAL PKU LT DSR BLOK 5 NO 1-5,Pekanbaru,Batam,,,022-7317753,,, 
53139100,BREAD BOUTIQUE,SUYATI SALI,JL GATOT SUBROTO NO 16,Pekanbaru,Batam,,,022-2502662,,, 
53123300,FUJI IMAGE PLZ,JALAL M,JL JEND SUDIRMAN 22-24,Pekanbaru,Batam,,,022-7319193,,, 
53120900,TOKO DONNA,HIRWAN YUNAS,JL A.YANI NO 53 C,Pekanbaru,Batam,,,022-6128777,,, 
53118300,AOWANUSA LESTARI,HASAN,PLZ CITRA LT I JL PEPAYA,Pekanbaru,Batam,,,022-6128777,,, 
53113302,GOSH,.,MAL CIPUTRA LT I NO 25,Pekanbaru,Batam,,,022-70830541,,, 
50942300,GNC,.,THAMRIN PLAZA,MEDAN,MEDAN,,,022-70830541,,, 
50769900,MINI LAND BOUTIQUE,HAN WIE,THAMRIN PLAZA,MEDAN,MEDAN,,,022-70830541,,, 
50712500,WIN WIN DECORATION,DJUHARDJA TUMIWA,KARO,MEDAN,MEDAN,,,022-70830541,,, 
50708300,H20 BOUTIQUE,SULIANNA,SKY CROSS,MEDAN,MEDAN,,,022-70830541,,, 
50698300,GZ BOUTIQUE,THE KIAN TJHONG,THAMRIN PLAZA,MEDAN,MEDAN,,,022-70830541,,, 
50689106,POLO,HANUM SIMBOLON,MEDAN FAIR,MEDAN,MEDAN,,,022-70830541,,, 
50689100,POLO,.,MEDAN MALL,MEDAN,MEDAN,,,022-70830541,,, 
50665900,EURO BAKERY,HERY,WAHIDIN,MEDAN,MEDAN,,,022-70830541,,, 
50661700,ESTIE BOUTIQUE (UWINS),LENNY CAROLINE,MENARA PLAZA,MEDAN,MEDAN,,,022-70830541,,, 
50650800,AOWA,ANDRI S.SOS,GAHARU,MEDAN,MEDAN,,,022-70830541,,, 
50636600,VANESSA BOUTIQUE,MURNI LINDA,MEDAN MALL,MEDAN,MEDAN,,,022-70830541,,, 
50626600,DELI FURNITURE,ALWIE,DELI PLAZA,MEDAN,MEDAN,,,022-70830541,,, 
50624000,BLACK OR WHITE,LAU THIN JAW,MEDAN PLAZA,MEDAN,MEDAN,,,022-70830541,,, 
50607500,TUMBLE TOTS,SYLVIA WIDJAJA,Kpt. Pattimura,MEDAN,MEDAN,,,022-70830541,,, 
50591500,ASURANSI SINAR MAS,ALFIAN,MANGKUBUMI,MEDAN,MEDAN,,,022-70830541,,, 
50567500,LABORATORIUM THAMRIN,DR.HELY,THAMRIN,MEDAN,MEDAN,,,022-70830541,,, 
50518700,DEKORINDO,HARRY S,PUTRI HIJAU,MEDAN,MEDAN,,,022-70830541,,, 
50495503,YAYASAN SUKSES MANDIRI,HASAN TAHIR,MAYANG,MEDAN,MEDAN,,,022-70830541,,, 
50495502,YAYASAN SUKSES MANDIRI,HASAN TAHIR,BINJAI,BINJAI,MEDAN,,,022-70830541,,, 
50495500,YAYASAN SUKSES MANDIRI,HASAN TAHIR,SUASA,MEDAN,MEDAN,,,022-70830541,,, 
50493900,BATHROOM BOUTIQUE,HUSIN SUSANTO,ZAINUL ARIFIN,MEDAN,MEDAN,,,022-70830541,,, 
50484300,KOALA,AMIN,GATOT SUBROTO,MEDAN,MEDAN,,,022-70830541,,, 
50410306,SUZUYA,ALDES MARYONO,BINJAI,BINJAI,MEDAN,,,022-70830541,,, 
50410302,SUZUYA SWALAYAN,FUJI/MERRY,Sutomo,SIANTAR,MEDAN,,,022-70830541,,, 
50410301,SUZUYA,ALDES MARYONO,BINJAI,BINJAI,MEDAN,,,022-70830541,,, 
50372513,DASH 8,LIANNY LIDO/ANTON,MEDAN FAIR,MEDAN,MEDAN,,,022-70830541,,, 
50310204,DRTV,BUDIANTO THIO,SUN PLAZA,MEDAN,MEDAN,,,022-70830541,,, 
50100705,ASLI,STEVEN JINGGA,GAJAH MADA,MEDAN,MEDAN,,,022-70830541,,, 
50100701,ASLI,STEVEN,ZAINUL ARIFIN,MEDAN,MEDAN,,,022-70830541,,, 
50072800,GARUDA MAS,SRIWATY SUKWANTO,MEDAN PLAZA,MEDAN,MEDAN,,,022-70830541,,, 
43962700,DONINI,DAVEY TANUWIDJAJA,SOLO SQUARE 451-455,SOLO,YOGYAKARTA,,,022-70830541,,, 
43956900,DIAN FURNITURE,HARYANTO,JL. TIRTOSUMIRATI 1,SOLO,YOGYAKARTA,,,,,, 
43951900,IMPERIAL KOSMETIK,JENNY TRI JANTI,JL GATOT SUBROTO 94,SOLO,YOGYAKARTA,,,,JEMMY WANTONO,JKT, 
43911900,OPTIK INTERNATIONAL,LINGGARJANTO BUDI UTOMO,JL GATOT SUBROTO  99,SOLO,YOGYAKARTA,,,,JEMMY WANTONO,JKT, 
43901900,GORO ASS,NARWANTO/YOYOK HARSONO,PABELAN SOLO,SOLO,YOGYAKARTA,,,,JEMMY WANTONO,JKT, 
43901900,GORO ASS,NARWANTO/YOYOK HARSONO,PABELAN SOLO,SOLO,YOGYAKARTA,,,,JEMMY WANTONO,JKT, 
43901900,GORO ASS,NARWANTO/YOYOK HARSONO,PABELAN SOLO,SOLO,YOGYAKARTA,,,,JEMMY WANTONO,JKT, 
43901900,GORO ASS,NARWANTO/YOYOK HARSONO,PABELAN SOLO,SOLO,YOGYAKARTA,,,,PT.GRAMEDIA ASRI MEDIA,, 
43901900,GORO ASS,NARWANTO/YOYOK HARSONO,PABELAN SOLO,SOLO,YOGYAKARTA,,,,PT.GRAMEDIA ASRI MEDIA,, 
43901900,GORO ASS,NARWANTO/YOYOK HARSONO,PABELAN SOLO,SOLO,YOGYAKARTA,,,,PT.GRAMEDIA ASRI MEDIA,, 
43714312,NATASHA SKIN CARE,DRG.TANTRI ONNY BIANTI,PLAZA AMBARUKMO B 4-6,YOGYAKARTA,YOGYAKARTA,,,,PT.GRAMEDIA ASRI MEDIA,, 
41139301,Roger salon & Spa,ROGER TJAKRADISURYA,Pelajar Pejuang 76,Bandung,Bandung,,,,SUSY,, 
41139300,Roger salon & Spa,ROGER TJAKRADISURYA,Ir.H.Juanda 97,Bandung,Bandung,,,,PT.TUJUH BELAS AGUSTUS SENTOSA,, 
41019200,Cambridge,ERLINAWATI SALIM,Sultan Tirtayasa 15,Bandung,Bandung,,,,JOHN,, 
41000000,Natasha Skin Care,DRG TANTRY ONNY B,Talaga Bodas 37A,Bandung,Bandung,,,,JOHN,, 
40995000,Elang,SELVIA,Jl. Elang,Bandung,Bandung,,,,KASAN,, 
40985000,Toko OSAMA,AGUS HANDAJANTO,Kiaracondong 14,Bandung,Bandung,,,,ANTO,, 
40969200,Holland Bakery,ADE CHANDRA,Gatot Subroto 27,Bandung,Bandung,,,,PT.SUPRA BINA LESTARI,, 
40966802,Metro Diamond,LANNY WIKARSA,BTC,Bandung,Bandung,,,,ISLAMIAH AFDAL,, 
40956802,Carrefour,ARIYANTI TJANDRA,Sukajadi 139,Bandung,Bandung,,,,SOEJOKO,, 
40956802,Carrefour,ARIYANTI TJANDRA,Sukajadi 139,Bandung,Bandung,,,,LINA ANWAR,, 
40956802,Carrefour,ARIYANTI TJANDRA,Sukajadi 139,Bandung,Bandung,,,,RESTU YONO M,, 
40956802,Carrefour,ARIYANTI TJANDRA,Sukajadi 139,Bandung,Bandung,,,,H.SYAFRI SALEH S,, 
40956802,Carrefour,ARIYANTI TJANDRA,Sukajadi 139,Bandung,Bandung,,,,NINA RIVALINA,, 
40956802,Carrefour,ARIYANTI TJANDRA,Sukajadi 139,Bandung,Bandung,,,,PT.Mulia Asri Utama,, 
40956802,Carrefour,ARIYANTI TJANDRA,Sukajadi 139,Bandung,Bandung,,,,PT.Jabalu Media Internusa,JKT, 
40956802,Carrefour,ARIYANTI TJANDRA,Sukajadi 139,Bandung,Bandung,,,,Jacky Brilliantika CC,, 
40956802,Carrefour,ARIYANTI TJANDRA,Sukajadi 139,Bandung,Bandung,,,,PT.Lion Mentari,JKT, 
40956802,Carrefour,ARIYANTI TJANDRA,Sukajadi 139,Bandung,Bandung,,,,Amran Syarif,, 
40956802,Carrefour,ARIYANTI TJANDRA,Sukajadi 139,Bandung,Bandung,,,26491/31317,"Josheri,SE",, 
40956802,Carrefour,ARIYANTI TJANDRA,Sukajadi 139,Bandung,Bandung,,,,Indira Malik,, 
40956802,Carrefour,ARIYANTI TJANDRA,Sukajadi 139,Bandung,Bandung,,,,Chiam Tak Heng,JKT, 
40956802,Carrefour,ARIYANTI TJANDRA,Sukajadi 139,Bandung,Bandung,,,,JOHAN IRAWAN,, 
40956802,Carrefour,ARIYANTI TJANDRA,Sukajadi 139,Bandung,Bandung,,,,PT.MATAHARI PUTRA PRIMA,JKT, 
40956802,Carrefour,ARIYANTI TJANDRA,Sukajadi 139,Bandung,Bandung,,,,PT.MATAHARI PUTRA PRIMA,JKT, 
40956802,Carrefour,ARIYANTI TJANDRA,Sukajadi 139,Bandung,Bandung,,,,PT.WIRA VIONA,, 
40956802,Carrefour,ARIYANTI TJANDRA,Sukajadi 139,Bandung,Bandung,,,,PT.KARYAMITRA BUDISENTOSA,SURABAYA, 
40956802,Carrefour,ARIYANTI TJANDRA,Sukajadi 139,Bandung,Bandung,,,,SOON MUN PENG,, 
40956802,Carrefour,ARIYANTI TJANDRA,Sukajadi 139,Bandung,Bandung,,,,HIRWAN YUNAS,, 
40956802,Carrefour,ARIYANTI TJANDRA,Sukajadi 139,Bandung,Bandung,,,,PT.MODREN PUTRA INDONESIA,JKT, 
40956802,Carrefour,ARIYANTI TJANDRA,Sukajadi 139,Bandung,Bandung,,,,SUYATI SALI,, 
40956802,Carrefour,ARIYANTI TJANDRA,Sukajadi 139,Bandung,Bandung,,,,RAYMIND KING VALENTINO WILLIM,MEDAN, 
40956802,Carrefour,ARIYANTI TJANDRA,Sukajadi 139,Bandung,Bandung,,,0411 315244,,, 
40956802,Carrefour,ARIYANTI TJANDRA,Sukajadi 139,Bandung,Bandung,,,0411 424225,,, 
40956802,Carrefour,ARIYANTI TJANDRA,Sukajadi 139,Bandung,Bandung,,,0411 310310,,, 
40956802,Carrefour,ARIYANTI TJANDRA,Sukajadi 139,Bandung,Bandung,,,0411 834401,,, 
40956802,Carrefour,ARIYANTI TJANDRA,Sukajadi 139,Bandung,Bandung,,,0411 320770,,, 
40956802,Carrefour,ARIYANTI TJANDRA,Sukajadi 139,Bandung,Bandung,,,0411 318525,,, 
40956802,Carrefour,ARIYANTI TJANDRA,Sukajadi 139,Bandung,Bandung,,,0411 350133,,, 
40956802,Carrefour,ARIYANTI TJANDRA,Sukajadi 139,Bandung,Bandung,,,0411 877555,,, 
40956802,Carrefour,ARIYANTI TJANDRA,Sukajadi 139,Bandung,Bandung,,,0411 3650187,,, 
40956801,Carrefour X-Pay,0,Mollis,Bandung,Bandung,,,0411 311078,,, 
40956801,Carrefour X-Pay,0,Mollis,Bandung,Bandung,,,0411 321467,,, 
40956800,Carrefour,.,Mollis,Bandung,Bandung,,,0411 318538,,, 
40956800,Carrefour,.,Mollis,Bandung,Bandung,,,0411 424178,,, 
40956800,Carrefour,.,Mollis,Bandung,Bandung,,,0411 317791,,, 
40956800,Carrefour,.,Mollis,Bandung,Bandung,,,0411 423612,,, 
40956800,Carrefour,.,Mollis,Bandung,Bandung,,,0411  870991,,, 
40956800,Carrefour,.,Mollis,Bandung,Bandung,,,0411 350190,,, 
40956800,Carrefour,.,Mollis,Bandung,Bandung,,,0411 423601,,, 
40956800,Carrefour,.,Mollis,Bandung,Bandung,,,0411 423601,,, 
40956800,Carrefour,.,Mollis,Bandung,Bandung,,,0411 328171,,, 
40956800,Carrefour,.,Mollis,Bandung,Bandung,,,0411 456000,,, 
40956800,Carrefour,.,Mollis,Bandung,Bandung,,,0411 330950,,, 
40956800,Carrefour,.,Mollis,Bandung,Bandung,,,0411 310887,,, 
40956800,Carrefour,.,Mollis,Bandung,Bandung,,,0411 834442,,, 
40956800,Carrefour,.,Mollis,Bandung,Bandung,,,0411 333997,,, 
40956800,Carrefour,.,Mollis,Bandung,Bandung,,,0411 834478,,, 
40956800,Carrefour,.,Mollis,Bandung,Bandung,,,0411 424221,,, 
40956800,Carrefour,.,Mollis,Bandung,Bandung,,,0411 444111,,, 
40956800,Carrefour,.,Mollis,Bandung,Bandung,,,0411 441001,,, 
40956800,Carrefour,.,Mollis,Bandung,Bandung,,,0411 330281,,, 
40956800,Carrefour,.,Mollis,Bandung,Bandung,,,0411 315824,,, 
40956800,Carrefour,.,Mollis,Bandung,Bandung,,,0411 311371,,, 
40956800,Carrefour,.,Mollis,Bandung,Bandung,,,0411 423322,,, 
40956800,Carrefour,.,Mollis,Bandung,Bandung,,,0411 328329,,, 
40956800,Carrefour,.,Mollis,Bandung,Bandung,,,0411 315901,,, 
40956800,Carrefour,.,Mollis,Bandung,Bandung,,,0411 448851,,, 
40956800,Carrefour,.,Mollis,Bandung,Bandung,,,0411 322743,,, 
40956800,Carrefour,.,Mollis,Bandung,Bandung,,,0411 424250,,, 
40956800,Carrefour,.,Mollis,Bandung,Bandung,,,0411 424229,,, 
40956800,Carrefour,.,Mollis,Bandung,Bandung,,,0411 834485,,, 
40956800,Carrefour,.,Mollis,Bandung,Bandung,,,0411 316923,,, 
40956800,Carrefour,.,Mollis,Bandung,Bandung,,,0411 310215,,, 
40956800,Carrefour,.,Mollis,Bandung,Bandung,,,0411 323795,,, 
40956800,Carrefour,.,Mollis,Bandung,Bandung,,,0411 4663833,,, 
40956800,Carrefour,.,Mollis,Bandung,Bandung,,,0411 851950,,, 
40956800,Carrefour,.,Mollis,Bandung,Bandung,,,411,,, 
40956800,Carrefour,.,Mollis,Bandung,Bandung,,,0411 316292,,, 
40956800,Carrefour,.,Mollis,Bandung,Bandung,,,0411 322390,,, 
40956800,Carrefour,.,Mollis,Bandung,Bandung,,,0431 841273,,, 
40956800,Carrefour,.,Mollis,Bandung,Bandung,,,,,, 
40956800,Carrefour,.,Mollis,Bandung,Bandung,,,,,, 
40956800,Carrefour,.,Mollis,Bandung,Bandung,,,0431 8881441,,, 
40956800,Carrefour,.,Mollis,Bandung,Bandung,,,0431 845108,,, 
40956800,Carrefour,.,Mollis,Bandung,Bandung,,,0431 855378,,, 
40956800,Carrefour,.,Mollis,Bandung,Bandung,,,0431-814370,,, 
40956800,Carrefour,.,Mollis,Bandung,Bandung,,,0431 854750,,, 
40937700,Electronic City,BP SABASTIAN,BEMall,Bandung,Bandung,,,0431 855500,,, 
40937700,Electronic City,BP SABASTIAN,BEMall,Bandung,Bandung,,,0431 826555,,, 
40937700,Electronic City,BP SABASTIAN,BEMall,Bandung,Bandung,,,0431 826017,,, 
40927700,Cipaganti Rental,ANDIANTO SETIABUDI,Cipaganti 84,Bandung,Bandung,,,0431 879439,,, 
40895900,ABC,JOJOH KRISNA SENIATI,Cihampelas 178,Bandung,Bandung,,,0431 852304,,, 
40893300,Jonas Photo,.,Banda 36-38,Bandung,Bandung,,,0431 851147,,, 
40891700,Cv.Panca Diagnostic,AGUNG SUTANTO,Gatot Subroto 136,Bandung,Bandung,,,,,, 
40885800,Golden Tiger Computer,DANIEL S,Gd.Jaya Plaza Lt.2 Blk.A4,Bandung,Bandung,,,0431 864725,,, 
40881602,PT.Shafira Laras Persada,DRS H MURZID HA,Sulanjana 28,Bandung,Bandung,,,0431 862817,,, 
40881600,Safira Laras Persada,DRS HM MURZID HA,Buah Batu 165,Bandung,Bandung,,,0967 81361,,, 
40873200,Indosal Utama,TEDDY SABUR/YOHAN SABUR,Dewi Sartika 28,Bandung,Bandung,,,0967 81361,,, 
40868500,Alvita Darma,IRWAN GATOT,Buah Batu 119,Bandung,Bandung,,,0967 585390,,, 
40760904,House Of Wacoal,DRS.DARMAWAN TRIOSA,"BSM Lt.2, B218",Bandung,Bandung,,,0451 422194,,, 
40717500,Orbta Opical,H ENDANG SUPRATMAN,Jl. HZ. Mustopa,Tasik,Bandung,,,0451 481581,,, 
40625302,Perk.Golf Bandung,PT.DAGO ENDAH GOLF/H.AMIR,Dago Atas 78,Bandung,Bandung,,,0451 23384,,, 
40564105,Prodia,DRA.MARIASRI A./SHINTA.F,Jl. Kopo,Bandung,Bandung,,,0451 423344,,, 
40486313,DRTV Innovation Store,KOESMULYONO BOENADI,Mollis,Bandung,Bandung,,,,,, 
36820100,BLUE SKY T& T,DWI ERI WIJAYANTO,JL. LAKSDA ADISUCIPTO 38,YOGYAKARTA,YOGYAKARTA,,,0451 429500,,, 
36819301,POSH BOY AMBARUKMO,IRWAN WIDJAJA,PLZ AMBARUKMO LT B 38,YOGYAKARTA,YOGYAKARTA,,,,,, 
36816900,SUMBER BARU PERKASA,YUDY HARSONO,JL. BRIGJEN KATAMSO 183,YOGYAKARTA,YOGYAKARTA,,,0401 395683,,, 
36813501,BELLAGIO,MARCELLINE,PLAZA AMBARUKMO,YOGYAKARTA,YOGYAKARTA,,,0951 328038,,, 
36709100,ADIL JAYA TK MEBEL,FRANS ARYANTO,JL. URIP SOMOHARJO157,YOGYAKARTA,YOGYAKARTA,,,0951 321184,,, 
36708300,BINTANG FAJAR HOTEL,CH M SRI SUWANDARI,JL. P KEMERDEKAAN 87,YOGYAKARTA,YOGYAKARTA,,,0951 331088,,, 
36679100,KOMBOKARNO UTAMA HOTEL,EMILIA K,JL. MGKBUMI 60,YOGYAKARTA,YOGYAKARTA,,,,,, 
36678302,REEBOK,RANI,MALIOBORO MALL,YOGYAKARTA,YOGYAKARTA,,,,,, 
36678300,NAUTICA,RANI,MALIOBORO MALL,YOGYAKARTA,YOGYAKARTA,,,,,, 
36674100,"FORTUNA,CV",AGUNG HARTONO,JL. SURYOTOMO 14,YOGYAKARTA,YOGYAKARTA,,,,,, 
36670900,BELLAGIO,ALI TANUWIDJAJA,MALIOBORO MALL,YOGYAKARTA,YOGYAKARTA,,,,,, 
36667502,POLO,JEMMY WANTONO,JL. MALLIOBORO,YOGYAKARTA,YOGYAKARTA,,,,,, 
36667500,POLO BANDARA,JEMMY WANTONO,JL.ADISUCIPTO/BANDARA,YOGYAKARTA,YOGYAKARTA,,,,,, 
36666700,BAKTI PUTRA T&T,MANAN SE,JL. AHMAD JAZULI 37,YOGYAKARTA,YOGYAKARTA,,,,,, 
36643300,RUMAH SLEMAN,NADIA KRASNA ANNA,JL. PURBOYO NO. 3 SLEMAN,YOGYAKARTA,YOGYAKARTA,,,,,, 
36640900,AMARTA COMPUTER,SOHARMAN MARBUN,JL COLOMBO 3,YOGYAKARTA,YOGYAKARTA,,,,,, 
36599100,BATIK KENCONO UNGU,TOMMY YUNANTO,JL. GEJAYAN NO. 13 A,YOGYAKARTA,YOGYAKARTA,,,,,, 
36595900,HAMMER MALIOBORO MALL,INDRI PANCA WATI,MALIOBORO MALL LT. DSR,YOGYAKARTA,YOGYAKARTA,,,,,, 
36557502,GERAI AFTER HOUR,ANSAR,PAKUNINGRANTAN,YOGYAKARTA,YOGYAKARTA,,,,,, 
36545514,PLANET SPORT,SITI,MALIOBORO MALL,YOGYAKARTA,YOGYAKARTA,,,,,, 
36545503,GH-MALIOBORO PLAZA,SITI,MALIOBORO PLAZA LT. 1,YOGYAKARTA,YOGYAKARTA,,,,,, 
36545501,THE ATLETE`S FOOT,SITI,MALIOBORO MALL LT. II,YOGYAKARTA,YOGYAKARTA,,,4513513,,, 
36543901,TOKO SRIRATU WINA,FUK HIN,JL. PEMUDA NO. 45,MAGELANG,YOGYAKARTA,,,,,, 
36516503,VINOLIA BABY KIDS,JOHAN ADI PURNAMA,JL. URIPSOMOHARJO 40,YOGYAKARTA,YOGYAKARTA,,,,,, 
36489001,GOSH,ALI TANUWIDJAYA,MALIOBORO MALL UG II,YOGYAKARTA,YOGYAKARTA,,,,,, 
36480503,SPORT STATION,SITI ROCHAYATI,SAPHIR SQUARE LT UG,YOGYAKARTA,YOGYAKARTA,,,,,, 
36411000,SS MALIOBORO PLAZA,POERWANTO,MALIOBORO PLAZA LT.I /3-4,YOGYAKARTA,YOGYAKARTA,,,,,, 
36392107,BLUZA,TOTOK WIJANARKO,PLAZA AMBARUKMO,YOGYAKARTA,YOGYAKARTA,,,,,, 
36281404,KARITA,DYAH SUMINAR,JL. C. SIMANJUNTAK,YOGYAKARTA,YOGYAKARTA,,,,,, 
35960900,EDWARD FORRER,FATCHIYAH,JL SUDIRMAN 194,PURWOKERTO,YOGYAKARTA,,,,,, 
35944100,MADURODAM HOTEL,AGUS BASTIAN,JL PARIWISATA 99,PURWOKERTO,YOGYAKARTA,,,,,, 
33529000,TOKO GUNUNG MAS,DJINAR SOEHARDJO,Jl. Diponegoro,Bontang,BALIKPAPAN,,,,,, 
33154900,Wings Air,REZA,Mal Lembuswana,Samarinda,BALIKPAPAN,,,,,, 
33149900,Lion Air,REZA,Komp. Mal Lembuswana,Samarinda,BALIKPAPAN,,,,,, 
33135900,PT CISMA NABILA,RUDDY ISMANTO,Jl. Awang Long,Samarinda,BALIKPAPAN,,,,,, 
33122700,PT CNI,EKO DWI SUSANTO,Jl. Imam Bonjol,Samarinda,BALIKPAPAN,,,,,, 
33096300,SPORT STATION,EVANA,SCP,Samarinda,BALIKPAPAN,,,024-8412873,PT. Karya Mitra Budi sentosa,Surabaya, 
33068304,TOKO C & C,SUCIPTO ALI SE,SCP,Samarinda,BALIKPAPAN,,,0283-357084,,, 
30778700,Gallery Collection,BUDHI WIBOWO GUNAWAN,Thamrin No. 5,Semarang,Semarang,,,0283-357084,,, 
30777900,Toko Karunia Jaya,HERMAN PRANOTO,Jl  Pemuda No.23,Kudus,Semarang,,,0283-357084,,, 
30772900,Donini Citraland,DAVEY TANUWIDJAJA,Ciputra Mall  VG 44,Semarang,Semarang,,,024-3546930,,, 
30771100,Digital Art,ANDREW WIRAWAN,Ged. Parkir Sri ratu 3A,Semarang,Semarang,,,024-8417153,,, 
30757900,Dedy Jaya Plaza,DR(HC)H.MUHADI SETIABUDI,Jl. AR. Hakim No.16,Tegal,Semarang,,,024-8319897,,, 
30757900,Dedy Jaya Plaza,DR(HC)H.MUHADI SETIABUDI,Jl. AR. Hakim No.16,Tegal,Semarang,,,024-8546827,PT. Modern Putra Indonesia,Jakarta, 
30757900,Dedy Jaya Plaza,DR(HC)H.MUHADI SETIABUDI,Jl. AR. Hakim No.16,Tegal,Semarang,,,024-7621805,PT. Modern Putra Indonesia,Jakarta, 
30751100,Tomato Karaoke,TITIN KUSRINI,Jl Siliwangi No. 438,Semarang,Semarang,,,0291-432850,PT. Modern Putra Indonesia,Jakarta, 
30676100,Restoran Santai Ria,AGUS SANTOSO,Jl. Gajah Mada 99,Semarang,Semarang,,,024-3551460,,, 
30676100,Restoran Santai Riang,AGUS SANTOSO,Jl. Gajahg Mada 107,Semarang,Semarang,,,024-7473191,,, 
30611100,Bellagio,WEDIAHWATI,Ciputra mall lt. dsr,Semarang,Semarang,,,024-8418118,,, 
30607900,Sigma Lite,LANI PUDJI RAHAYU,jl. MT Haryono 517 C,Semarang,Semarang,,,024-3511006,,, 
30606100,Susan Spa,LANNY RIANA DEWI,Dusun Piyito - Bandungan,Semarang,Semarang,,,024-3511006,,, 
30606100,Susan Spa,LANNY RIANA DEWI,Dusun Piyito - Bandungan,Semarang,Semarang,,,0291-592730,,, 
30605309,Fuji Image Plaza,IMAM NUGROHO,Jl. Jend. Sudirman 7,Kudus,Semarang,,,0291-592730,,, 
30605305,Fuji Image Plaza,ABDUL ROCHIM,Jl. Jend. Sudirman 283 A,Semarang,Semarang,,,024-8316517,,, 
30605300,Fuji Image Plaza,SUBIANTORO,JL.Gajah Mada 31,Semarang,Semarang,,,024-3516814,,, 
30590300,Golden Hill,ANTON LAUTER,Jl. Bukit Duta 2-4,Semarang,Semarang,,,024-3516814,,, 
30589500,Saudara Swalayan,YOHANES T,Jl. Veteran 14,Jepara,Semarang,,,024-3516814,,, 
30589500,Saudara Swalayan,YOHANES T,Jl. Veteran 14,Jepara,Semarang,,,0285-428988,,, 
30585300,Horison Hotel (Cendana Fitnes),GUNAWAN HALIM/H BASARI,Jl. Ahmad Dahlan 2,Semarang,Semarang,,,0285-428988,,, 
30471701,Fada Boutique,NINIK MELIA,Ciputra mall Lt. 1,Semarang,Semarang,,,0285-428988,,, 
30028505,Sri Ratu Mega Center,ENDANG RAHAYU,Jl. Urip Sumoharjo 20,Pekalongan,Semarang,,,0285-428988,,, 
30028505,Sri Ratu Mega Center,ENDANG RAHAYU,Jl. Urip Sumoharjo 20,Pekalongan,Semarang,,,0298-711766,,, 
30028505,Sri Ratu Mega Center,ENDANG RAHAYU,Jl. Urip Sumoharjo 20,Pekalongan,Semarang,,,0298-711766,,, 
30028505,Sri Ratu Mega Center,ENDANG RAHAYU,Jl. Urip Sumoharjo 20,Pekalongan,Semarang,,,0291-432636,,, 
30028501,Sri Ratu,HENDRO LAKSONO,Jl. Pemuda 29,Semarang,Semarang,,,024-7624294,,, 
30028501,Sri Ratu,HENDRO LAKSONO,Jl. Pemuda 29,Semarang,Semarang,,,,ADIL JAYA TK MEBEL,Yogyakarta, 
30028501,Sri Ratu,HENDRO LAKSONO,Jl. Pemuda 29,Semarang,Semarang,,,,CV. Amarta Computer,Yogyakarta, 
29751500,HOME LIFE FURNITURE,ANTO,"KOMP.PALM SPRING,A1/9 - BTM CENTER",Batam,Batam,,,,PT. Bakti Putra Tours Travel,Yogyakarta, 
29709902,IN KID'S,KASAN,"MEGA MALL ,BLK. UG 107- BTM CENTER",Batam,Batam,,,,BATIK KENCONO UNGU,Yogyakarta, 
29701506,FELIC (BCS MALL),JOHN,"BCS MALL, LT. 1. C 11/ 3 - BALOI",Batam,Batam,,,,PT. Karya Mitra Budi Sentosa,Semarang, 
29701502,FELIC (MEGA MALL),JOHN,"MEGA MALL, GF-270- BATAM CENTER",Batam,Batam,,,,PT. Karya Mitra Budi Sentosa,Semarang, 
29650900,178 FURNITURE,JULIUS,KOMP. PENUIN CTR X/6-7 - PENUIN,Batam,Batam,,,415101/417630,BINTANG FAJAR HOTEL,Yogyakarta, 
29621702,BARBIE KIDS FASHION,SUSY,PERTOKOAN TOP 100 BLK D/8-PENUIN,Batam,Batam,,,,BLUE SKY T& T,Yogyakarta, 
29547302,GRAMEDIA,AGUS BUDI NUGROHO,"BCS MALL, LT. 1 - BALOI",Batam,Batam,,,,BLUZA,Yogyakarta, 
29547302,GRAMEDIA,AGUS BUDI NUGROHO,"BSC MALL, LT. 1 - BALOI",Batam,Batam,,,,"FORTUNA,CV",Yogyakarta, 
29547300,GRAMEDIA,EPJ DEDDY,DC MALL LT.1 - SEI.JODOH,Batam,Batam,,,,PT. Aseli Dagadu Yogya,Yogyakarta, 
29547300,GRAMEDIA,EPJ DEDDY,DC MALL LT.1 - SEI.JODOH,Batam,Batam,,,,PT. Mitra Adi Perkasa,Jakarta, 
29157568,POLO MEGA MALL,JEMMY WANTONO,"MEGA MALL,UG 126-126 A - BATAM CTR",Batam,Batam,,,,PT. Karya Mitra Budi Sentosa,Jakarta, 
29157566,OPS (TERMINAL BC),RUTH,TERMINAL FERRY LT. 2- BATAM CENTER,Batam,Batam,,,,PT. Warna Mardika,Jakarta, 
29157560,POLO (VISTA HOTEL),JEMMY WANTONO,"D/A.HOTEL VISTA, KOMP. TOP VIEW",Batam,Batam,,,,Khasanah Muslim Al Fath,Yogyakarta, 
29157548,CK (TERMINAL BC),JEMMY WANTONO,FERRY TERMINAL INT'L- BATAM CENTER,Batam,Batam,,,,KOMBOKARNO UTAMA HOTEL,Yogyakarta, 
29157546,POLO TERMINAL - BATAM CENTER,JEMMY WANTONO,FERRY TERMINAL INT'L- BATAM CENTER,Batam,Batam,,,,Natasya Group,Yogyakarta, 
27263100,MUSTIKA TAILOR,TJHIA RUDIANTO,MALL AYANI,Pontianak,BALIKPAPAN,,,,PT. Mitra Adi Perkasa,Jakarta, 
27261500,SUPERSTORE,SUKIMIN TARJONO,MALL GAJAH MADA,Pontianak,BALIKPAPAN,,,,PT. Mitra Adi Perkasa,Jakarta, 
27260700,PONDOK NELAYAN,EDDY GUNAWAN,KOMP KARTIKA PURI,Pontianak,BALIKPAPAN,,,,Primajaya Pantes Garment,Jakarta, 
27259900,C & F Perfumery,0,A Yani Mall,Pontianak,BALIKPAPAN,,,,Primajaya Pantes Garment,Jakarta, 
27258100,CAFÉ DE ONE,YEAN FRANS F,A Yani Mall Lt. 3,Pontianak,BALIKPAPAN,,,,POSH BOY AMBARUKMO,Jakarta, 
27257301,POLO,ARVA,Bandara Supadio,Pontianak,BALIKPAPAN,,,,PT. Mitra Adi Perkasa,Jakarta, 
27257300,POLO,JEMMY WANTONO,A Yani Mall,Pontianak,BALIKPAPAN,,,,RUMAH SLEMAN,Yogyakarta, 
27227302,CITY HARDWARE,HERMAWAN WONGSO,A Yani Mall,Pontianak,BALIKPAPAN,,,,PT. Mitra Adi Perkasa,Jakarta, 
27227300,CITY HARDWARE,HERMAWAN WONGSO ST,Gajah mada Mal,Pontianak,BALIKPAPAN,,,,PT. Mitra Adi Perkasa,Jakarta, 
27223100,RESTORAN FAJAR,PIOK GWE MOCHSEN,Jl. Veteran,Pontianak,BALIKPAPAN,,,,SUMBER BARU PERKASA,Yogyakarta, 
27221500,RESTAURANT MOUTH,MARTIN SUBEKTI SUNGGONO,Gajah mada Mal,Pontianak,BALIKPAPAN,,,,PT. Mitra Adi Perkasa,Jakarta, 
27210700,ASABA ELEKTRONIK,FERRY LISTIANTO,Nusa indah I,Pontianak,BALIKPAPAN,,,,PT. Gardena Graha,Yogyakarta, 
27100500,RESTORAN DANGAU,SUHARDIMAN,Jl. A. Yani II,Pontianak,BALIKPAPAN,,,0271-720057,DIAN FURNITURE,Solo, 
26360700,PT.Pro Team,JOHN,Jl.Ir.Juanda No. 16B,Padang,Batam,,,0271-724777,DONINI,Surabaya, 
26357300,Pink Boutique,INDIRA MALIK,Jl.Dr.Sutomo No. 59A,Padang,Batam,,,0271-743333,PT. Assalam Niaga Utama,Solo, 
26352300,Efje Travel,"JOSHERI,SE",Jl.A.Yani,Padang,Batam,,,0271-743333,PT. Assalam Niaga Utama,Solo, 
26346500,Adinegoro Swalayan,AMRAN SYARIF,Jl.Adinegoro No 7 b Padang,Padang,Batam,,,0271-743333,PT. Assalam Niaga Utama,Solo, 
26341500,Lion Air,AMIN,D/A Pangeran Hotel Jl.S.Parman,Padang,Batam,,,0271-743333,PT. Assalam Niaga Utama,Solo, 
26339900,Swarna Bumi,JACKY B.CC,Jl.S.Parman 229A/Ulak Karang Padang,Padang,Batam,,,0271-743333,PT. Assalam Niaga Utama,Solo, 
26336500,Toko Annatia,SRI FIAL,Jln Panorama No.21 Bkt,BUKIT TINGGI,Batam,,,0271-743333,PT. Assalam Niaga Utama,Solo, 
26331500,Toko Mas H Syafri S,H.SYARFRI S,Jln Minang Kabau no 35,BUKIT TINGGI,Batam,,,0271-666870,IMPERIAL KOSMETIK,Jakarta, 
26327300,PT.Jabalu Media Internusa (innovation),FRIDA TIRTADJAJA,Jl.Diponegoro no 17 D Padang,Padang,Batam,,,0271-642923,OPTIK INTERNATIONAL,Malang, 
26270300,Mulia Asri,CHAIDIR,Komp.Minang Plaza air tawar padang,Padang,Batam,,,0281-638159,EDWARD FORRER,Purwokerto, 
10014700,MONALISA FURNITURE,SURYANTO,JL.LETKOL.ISKANDAR NO.544 PLG,PALEMBANG,BATAM,,,0281-681111,MADURODAM HOTEL,Purwokerto, 
